year_month,eggs_loaded,eggs_broken,breakage_rate
2025-04,23850.0,1380.0,0.05786163522012579
2025-08,27795.0,1353.0,0.04867781975175391
2025-10,38668.0,2360.0,0.06103237819385538
2025-11,39875.0,2072.0,0.051962382445141064
2025-12,40563.0,1949.0,0.04804871434558588
2026-01,41833.0,2255.0,0.05390481199053379
2026-02,38144.0,2034.0,0.05332424496644295
2026-03,40615.0,1816.0,0.04471254462636957
