batch_id,est_broken,cost_impact
B01,2293.4148228208437,13760.488936925063
B02,2144.940572451869,12869.643434711212
B03,2623.587081011529,15741.522486069174
B04,2278.3621307956887,13670.172784774131
B05,2327.69539292007,13966.17235752042
