batch_id,est_broken,cost_impact
B01,2347.2136784937306,14083.282070962385
B02,1245.7863215062696,7474.717929037617
