batch_id,deliveries_count,eggs_from_batch,est_broken,total_eggs_loaded,total_eggs_broken,eggs_loaded,eggs_broken,breakage_rate,z_score,weight,rcas,rcas_normalized,rcas_rank,effect_size,confidence_level,ci_margin,ci_lower,ci_upper,percentile_rank,cost_impact_inr,label,entity_type
B01,183,119941,2347.2136784937306,119941,2347.2136784937306,119941,2347.2136784937306,0.019569735774203404,0.6945268325070959,11.694763571587643,8.122327100294138,1.0,1,1.610069194534977e-05,HIGH,3.38123657953195e-06,0.019566354537623874,0.019573117010782935,100,14083.282070962385,B01,batch
B02,183,63810,1245.7863215062696,63810,1245.7863215062696,63810,1245.7863215062696,0.019523371282028985,-1.305473167492904,11.063680868264434,-14.443338507223814,0.0,2,-3.0263800229069632e-05,HIGH,3.38123657953195e-06,0.019519990045449454,0.019526752518608515,50,7474.717929037617,B02,batch
