batch_id,deliveries_count,eggs_from_batch,est_broken,total_eggs_loaded,total_eggs_broken,eggs_loaded,eggs_broken,breakage_rate,z_score,weight,rcas,rcas_normalized,rcas_rank,effect_size,confidence_level,ci_margin,ci_lower,ci_upper,percentile_rank,rcas_weighted,cost_impact_inr,label,entity_type
B01,25,27844,666.0,27844,666.0,27844,666.0,0.023918977158454244,1.7046806528522604,10.234408696023769,17.44639849749465,1.0,1,0.001670261412534929,MEDIUM,0.00040444526910136627,0.023514531889352878,0.02432342242755561,100,37.734287728344974,3996.0,B01,batch
B02,12,13850,313.0,13850,313.0,13850,313.0,0.02259927797833935,0.3577863026364066,9.536112711175099,3.4118905084553774,0.5014835647146603,2,0.0003505622324200368,LOW,0.0006225409255762431,0.02197673705276311,0.023221818903915593,80,3.703788798673836,1878.0,B02,batch
B04,25,29533,645.0,29533,645.0,29533,645.0,0.021839975620492332,-0.4171630731756561,10.293297421033719,-4.293983585269482,0.22776503557480599,3,-0.0004087401254269825,MEDIUM,0.00040444526910136627,0.021435530351390966,0.022244420889593698,60,-4.866251846555461,3870.0,B04,batch
B05,20,21992,472.0,21992,472.0,21992,472.0,0.021462349945434705,-0.8025705174595009,9.998479499891696,-8.02448486603629,0.09525478286287105,4,-0.0007863658004846098,MEDIUM,0.000458564718409673,0.02100378522702503,0.02192091466384438,40,-11.566455901260218,2832.0,B05,batch
B03,18,20855,442.0,20855,442.0,20855,442.0,0.02119395828338528,-1.0764929527435347,9.945396955613338,-10.706149734954764,0.0,5,-0.0010547574625340353,LOW,0.000487247542931958,0.02070671074045332,0.02168120582631724,20,-17.776334105405304,2652.0,B03,batch
