batch_id,deliveries_count,eggs_from_batch,est_broken,total_eggs_loaded,total_eggs_broken,eggs_loaded,eggs_broken,breakage_rate,z_score,weight,rcas,rcas_normalized,rcas_rank,effect_size,confidence_level,ci_margin,ci_lower,ci_upper,percentile_rank,rcas_weighted,cost_impact_inr,label,entity_type
B04,30,34835,980.0,34835,980.0,34835,980.0,0.02813262523324243,1.0296132927170254,10.458406613812631,10.768114470221139,1.0,1,0.0015891539245654548,HIGH,0.0005763327181995181,0.02755629251504291,0.02870895795144195,100,21.842519707504017,5880.0,B04,batch
B01,23,26916,746.0,26916,746.0,26916,746.0,0.027715856739485806,0.7595888636644336,10.200513336241043,7.748196333869234,0.8744705557087552,2,0.001172385430808831,MEDIUM,0.0006674366912931529,0.027048420048192655,0.028383293430778958,80,10.899637168281624,4476.0,B01,batch
B03,12,14249,373.0,14249,373.0,14249,373.0,0.0261772755982876,-0.23725830791120792,9.564512185696797,-2.269259977174551,0.45807326705370366,3,-0.0003661957103893755,LOW,0.0009806596702951924,0.025196615927992407,0.027157935268582793,60,-2.2439280778866624,2238.0,B03,batch
B02,17,19391,475.0,19391,475.0,19391,475.0,0.02449590015986798,-1.3266219464386297,9.87261588886904,-13.097228906932388,0.007985264271836953,4,-0.0020475711488089944,LOW,0.0007935674094216189,0.02370233275044636,0.0252894675692896,40,-24.358510050201552,2850.0,B02,batch
B05,18,20306,497.0,20306,497.0,20306,497.0,0.024475524475524476,-1.3398233582867713,9.918720933176717,-13.289333990598127,0.0,5,-0.0020679468331524994,LOW,0.0007675383178407234,0.023707986157683752,0.0252430627933652,20,-24.856676817908752,2982.0,B05,batch
