,sum_sq,df,F,PR(>F)
C(driver_id),0.00860543461887137,19.0,21.75198072370423,8.655335739594572e-19
C(truck_id),0.005697433832903874,14.0,19.54478313113641,2.8381191369905277e-16
C(route_id),7.797629709298128e-05,8.0,0.46811463832842304,0.873171766232237
C(batch_id),1.72446243218397e-05,4.0,0.20704910026444762,0.9334237873726641
Residual,0.001124382709451505,54.0,,
