,sum_sq,df,F,PR(>F)
C(driver_id),0.001984359913742983,19.0,2.8547269639906694,4.781610120969123e-05
C(truck_id),0.0015324769939806552,14.0,2.992014271063218,0.00017324390203724124
C(route_id),0.34182184794638903,11.0,849.3855442276755,0.0
C(batch_id),1.249162477324842e-05,4.0,0.08536044526603356,0.9869567049807523
Residual,0.02703626568096138,739.0,,
