,sum_sq,df,F,PR(>F)
C(driver_id),0.01863716234705716,19.0,1.8876770639044238,0.01712160534084784
C(truck_id),0.01353888574900462,14.0,1.8610429636792922,0.03305258203037832
C(route_id),0.006865277958039304,11.0,1.2010662179849616,0.2888471335183217
Residual,0.09665213072383498,186.0,,
