,sum_sq,df,F,PR(>F)
C(driver_id),0.000455379441758146,19.0,1.3614037625531883,0.18640518232795347
C(truck_id),0.0002306103435776221,14.0,0.9356595922582304,0.5282014429473899
C(route_id),0.00017398929517829114,8.0,1.2353774479581694,0.2968529370163147
C(batch_id),4.3886317748461324e-05,4.0,0.6232126771341744,0.6479385157953269
Residual,0.0009506630903733578,54.0,,
